{
  "packages":
  [
    {
      "name": "OpenRB-150",
      "maintainer": "ROBOTIS",
      "websiteURL": "https://emanual.robotis.com/docs/en/parts/controller/openrb-150/",
      "email" : "willson@robotis.com",
      "platforms":
      [
        {
          "name": "OpenRB-150",
          "architecture": "samd",
          "version": "0.2.0",
          "category": "Contributed",
          "url": "https://github.com/ROBOTIS-GIT/OpenRB-150/releases/download/0.2.0/OpenRB-150.zip",
          "archiveFileName": "OpenRB-150.zip",
          "checksum": "SHA-256:36f5724d94c2273b732f6cc7c0576badc12e47e344cc655d123ebb45786533be",
          "size": "840540",
          "boards": [
            {
              "name": "OpenRB-150"
            }
          ],
          "toolsDependencies":
          [
            {
              "packager": "arduino",
              "name": "arm-none-eabi-gcc",
              "version": "7-2017q4"
            },
            {
              "packager": "arduino",
              "name": "bossac",
              "version": "1.7.0-arduino3"
            },
            {
              "packager": "arduino",
              "name": "openocd",
              "version": "0.10.0-arduino9"
            },
            {
              "packager": "arduino",
              "name": "CMSIS",
              "version": "4.5.0"
            },
            {
              "packager": "arduino",
              "name": "CMSIS-Atmel",
              "version": "1.2.0"
            }
          ]
        },
        {
          "name": "OpenRB-150",
          "architecture": "samd",
          "version": "0.2.1",
          "category": "Contributed",
          "url": "https://github.com/ROBOTIS-GIT/OpenRB-150/releases/download/0.2.1/OpenRB-150.zip",
          "archiveFileName": "OpenRB-150.zip",
          "checksum": "SHA-256:c52eded07b79e4a1a7222e3211047f002b1e5d1811f18acbff974223874c3b6e",
          "size": "839396",
          "boards": [
            {
              "name": "OpenRB-150"
            }
          ],
          "toolsDependencies":
          [
            {
              "packager": "arduino",
              "name": "arm-none-eabi-gcc",
              "version": "7-2017q4"
            },
            {
              "packager": "arduino",
              "name": "bossac",
              "version": "1.7.0-arduino3"
            },
            {
              "packager": "arduino",
              "name": "openocd",
              "version": "0.10.0-arduino9"
            },
            {
              "packager": "arduino",
              "name": "CMSIS",
              "version": "4.5.0"
            },
            {
              "packager": "arduino",
              "name": "CMSIS-Atmel",
              "version": "1.2.0"
            }
          ]
        }
      ],
      "tools":
      [
      ]
    }
  ]
}